{
  "NumClusters": 4,
  "NumFeatures": 5,
  "Centroids": [
    0.502249921233743,
    0.17764201122979859,
    -0.5438862795962528,
    -0.13610131352252824,
    -0.19958491337342374,
    -2.8603903417999867,
    -0.44213889235719445,
    3.2896203383411744,
    -0.02999364299489729,
    -3.0762980149466697,
    -1.0481230660191534,
    -0.2990950039777827,
    1.3387084736931665,
    0.7038046405963684,
    -0.1541917658474883,
    -0.2989909495198864,
    -0.2841614958169917,
    0.08406126135381145,
    -0.187800906825344,
    1.4794410688003248
  ],
  "Assignments": [
    2,
    1,
    1,
    1,
    0,
    0,
    0,
    2,
    2,
    2,
    0,
    2,
    3,
    3,
    0,
    0,
    3,
    3,
    3,
    0,
    0,
    0,
    0,
    0,
    0,
    0,
    0,
    0,
    0,
    0,
    0,
    0,
    0,
    0,
    0,
    0,
    0,
    0,
    0,
    3,
    3,
    3,
    0,
    3,
    2,
    3,
    3,
    0,
    3,
    3,
    3,
    3,
    3,
    0,
    0,
    0,
    0,
    0,
    0,
    0,
    0,
    0,
    0,
    0,
    0,
    0,
    0,
    0,
    0,
    0,
    0,
    2,
    2,
    2,
    2,
    0,
    0,
    0,
    2,
    2,
    2,
    0,
    0,
    0,
    0,
    0,
    0,
    0,
    0,
    0,
    0,
    0,
    2,
    2,
    2
  ],
  "Quality": {
    "TotalInertia": 256.32279334188763,
    "ClusterInertia": [
      131.87440315265127,
      3.2228118087282924,
      91.22893536353492,
      29.996643016973138
    ],
    "SilhouetteScore": 0.25725208305169217,
    "ClusterSilhouette": [
      0.27855745417310307,
      0.6077271771703806,
      0.0863055291673183,
      0.28258941508352103
    ],
    "DBI": 1.2629332657125043,
    "CH": 25.8783408041097,
    "Dunn": 0.07997335978479563
  }
}