{
  "NumClusters": 4,
  "NumFeatures": 5,
  "Centroids": [
    0.5862465633285044,
    0.18888039891220681,
    -0.6288712305411766,
    -0.09088745760288165,
    -0.24126581766590938,
    -2.5141790986323804,
    -0.38447733819570595,
    2.9922573023011214,
    -0.1689630429249549,
    -2.888583426848421,
    -0.8585239968740094,
    -0.16447703760579657,
    1.1493313251617396,
    0.7755102585106858,
    -0.2742955649412406,
    -0.29402687796915156,
    -0.24827580346324465,
    0.09648914805883681,
    -0.3420932982465086,
    1.233494505417082
  ],
  "Assignments": [
    2,
    1,
    1,
    1,
    1,
    1,
    1,
    1,
    1,
    1,
    1,
    1,
    0,
    0,
    0,
    0,
    0,
    2,
    0,
    2,
    2,
    2,
    2,
    2,
    2,
    2,
    2,
    2,
    2,
    2,
    0,
    2,
    2,
    2,
    3,
    3,
    3,
    3,
    3,
    3,
    3,
    3,
    0,
    0,
    3,
    0,
    3,
    3,
    3,
    3,
    3,
    3,
    3,
    3,
    3,
    3,
    3,
    0,
    0,
    0,
    0,
    0,
    0,
    0,
    0,
    0,
    0,
    0,
    0,
    0,
    0,
    0,
    0,
    0,
    0,
    0,
    0,
    0,
    0,
    0,
    0,
    0,
    0,
    0,
    0,
    0,
    0,
    0,
    0,
    0,
    0,
    0,
    0,
    0,
    0,
    0,
    0,
    0,
    0,
    0,
    0,
    0,
    0,
    0,
    0,
    0,
    0,
    0,
    0,
    0,
    0,
    0,
    3,
    3,
    3,
    3,
    3,
    3,
    3,
    3,
    3,
    3,
    3,
    3,
    3,
    3,
    0,
    3,
    3,
    3,
    3,
    3,
    3,
    3,
    3,
    3,
    3,
    3,
    3,
    3,
    3,
    3,
    3,
    3,
    3,
    3,
    3,
    3,
    3,
    3,
    3,
    3,
    3,
    3,
    3,
    3,
    3,
    3,
    0,
    0,
    0,
    0,
    0,
    0,
    0,
    0,
    0,
    0,
    0,
    0,
    0,
    0,
    0,
    0,
    0,
    0,
    0,
    0,
    0,
    0,
    0,
    0,
    0,
    0,
    0,
    0,
    0,
    0,
    0,
    0,
    0,
    0,
    0,
    0,
    0,
    0,
    0,
    0,
    0,
    0,
    0,
    0,
    0,
    0,
    0,
    0,
    0,
    0,
    0,
    2,
    0,
    2,
    2,
    2,
    2,
    2,
    2,
    2,
    2,
    2,
    2,
    2,
    2,
    3,
    3,
    0,
    0,
    0,
    0,
    0,
    2,
    0,
    2,
    2,
    2,
    2,
    2,
    2,
    2,
    2,
    2,
    2,
    2,
    0,
    0,
    0,
    0,
    0,
    0,
    0,
    0,
    0,
    0,
    0,
    0,
    0,
    0,
    0,
    0,
    0,
    0,
    0,
    0,
    0,
    0,
    0,
    0,
    0,
    0,
    0,
    0,
    0,
    2,
    0,
    2,
    2,
    2,
    2,
    2,
    2,
    2,
    2
  ],
  "Quality": {
    "TotalInertia": 760.2788992996658,
    "ClusterInertia": [
      372.48316197907985,
      13.463237478234682,
      246.69562912864785,
      127.63687071370377
    ],
    "SilhouetteScore": 0.2510816593870297,
    "ClusterSilhouette": [
      0.24621178546210098,
      0.6434496119097317,
      0.13403852620101314,
      0.285202103655539
    ],
    "DBI": 1.3000108784993485,
    "CH": 79.19131876520315,
    "Dunn": 0.03294316152991268
  }
}