{
  "NumClusters": 4,
  "NumFeatures": 5,
  "Centroids": [
    -1.0486490231295307,
    0.12514824640368857,
    1.2125900373827356,
    -0.12969440026573675,
    0.07732865339250396,
    -2.5656533636159087,
    -0.4123706671916741,
    2.955366242009058,
    -0.18002265496897835,
    -2.885055627842204,
    0.5199096963915891,
    -0.5288985367623155,
    -0.4960788109097889,
    0.2539903970794251,
    -0.25715999474783147,
    0.3215218183009366,
    0.8622328214705692,
    -0.5479153090638573,
    -0.30236918639630894,
    0.8195649697085888
  ],
  "Assignments": [
    1,
    1,
    1,
    1,
    2,
    2,
    0,
    0,
    0,
    0,
    0,
    0,
    0,
    2,
    2,
    3,
    3,
    3,
    3,
    2,
    2,
    2,
    2,
    2,
    2,
    2,
    2,
    2,
    2,
    2,
    2,
    2,
    2,
    2,
    2,
    2,
    2,
    2,
    2,
    2,
    3,
    3,
    3,
    0,
    0,
    0,
    0,
    3,
    3,
    3,
    3,
    3,
    3,
    3,
    3,
    3,
    3,
    3,
    3,
    3,
    3,
    3,
    3,
    2,
    3,
    2,
    2,
    3,
    2,
    2,
    0,
    0,
    0,
    0,
    0,
    2,
    3,
    0,
    0,
    0,
    0,
    2,
    2,
    2,
    2,
    2,
    2,
    2,
    2,
    2,
    2,
    2,
    2,
    2
  ],
  "Quality": {
    "TotalInertia": 232.0169073736218,
    "ClusterInertia": [
      43.32937952577561,
      2.841512668087606,
      112.72608655903393,
      73.11992862072462
    ],
    "SilhouetteScore": 0.2714486477276442,
    "ClusterSilhouette": [
      0.30956329856252346,
      0.6662176273214442,
      0.27183695287241727,
      0.1807388645952289
    ],
    "DBI": 1.2553427544562477,
    "CH": 30.771433252898543,
    "Dunn": 0.08766562806358051
  }
}