{
  "NumClusters": 4,
  "NumFeatures": 5,
  "Centroids": [
    -0.006655623317369776,
    -0.4329266892329585,
    -0.07141323699518846,
    -0.3947309176434355,
    0.110911337436499,
    -2.2799340635089513,
    -0.3223713640831556,
    2.807575260369884,
    -0.2958110187408888,
    -2.8130078643158156,
    -0.6216209000134549,
    -0.14527090055334294,
    0.9049109838999045,
    2.005802673698854,
    -0.1470464386667946,
    0.7864313514947545,
    1.4142434563305302,
    -0.8033014948881277,
    0.2207170739468865,
    0.30893634675888987
  ],
  "Assignments": [
    1,
    1,
    1,
    1,
    0,
    0,
    0,
    0,
    0,
    0,
    0,
    0,
    0,
    0,
    0,
    0,
    0,
    0,
    0,
    0,
    0,
    0,
    0,
    0,
    0,
    0,
    0,
    0,
    0,
    0,
    0,
    0,
    0,
    0,
    0,
    0,
    0,
    0,
    0,
    0,
    0,
    0,
    0,
    0,
    0,
    0,
    0,
    0,
    0,
    0,
    3,
    3,
    3,
    3,
    3,
    3,
    3,
    3,
    3,
    3,
    3,
    3,
    3,
    3,
    3,
    3,
    3,
    3,
    3,
    2,
    2,
    2,
    0,
    0,
    0,
    0,
    0,
    2,
    2,
    2,
    2,
    0,
    3,
    0,
    0,
    0,
    0,
    0,
    0,
    0,
    2,
    2,
    2
  ],
  "Quality": {
    "TotalInertia": 238.10693163663146,
    "ClusterInertia": [
      159.41800190756348,
      3.41262311635834,
      33.25094066296461,
      42.025365949744945
    ],
    "SilhouetteScore": 0.30336876273129776,
    "ClusterSilhouette": [
      0.2540422736372223,
      0.7155123130040842,
      0.3285874261831735,
      0.35384386377832505
    ],
    "DBI": 1.0857567423103482,
    "CH": 28.26948792228154,
    "Dunn": 0.1115793669012431
  }
}