{
  "Regimes": [
    {
      "RegimeId": 0,
      "RegimeLabel": "Regime0",
      "Profile": {
        "StocksBondCorrelation": 0.09735418916993158,
        "StocksInflationCorrelation": 0.5259031464822226,
        "BondsInflationCorrelation": 0.24338550116439225,
        "Stocks": {
          "Mean": -0.027506788711289233,
          "Volatility": 0.08025568937736224,
          "Skewness": -0.9208305202431565,
          "Kurtosis": 1.8554010921715678,
          "AutoCorrelation": 0.6400827411726934
        },
        "Bonds": {
          "Mean": 0.049300846584212424,
          "Volatility": 0.02190038606375838,
          "Skewness": 1.0743699187601214,
          "Kurtosis": 1.1811228002882217,
          "AutoCorrelation": 0.5148635140639274
        },
        "Inflation": {
          "Mean": 0.015361684427261553,
          "Volatility": 0.03988172098432065,
          "Skewness": -0.5198723424196043,
          "Kurtosis": 0.2514991976466825,
          "AutoCorrelation": 0.9401512195446147
        }
      }
    },
    {
      "RegimeId": 1,
      "RegimeLabel": "Regime1",
      "Profile": {
        "StocksBondCorrelation": 0.6365876078552316,
        "StocksInflationCorrelation": -0.4890674335826666,
        "BondsInflationCorrelation": -0.768627826863533,
        "Stocks": {
          "Mean": 0.15099038209939636,
          "Volatility": 0.045245618296302276,
          "Skewness": 1.0984040833965651,
          "Kurtosis": 2.117063185324074,
          "AutoCorrelation": 0.43943002540103154
        },
        "Bonds": {
          "Mean": 0.008048325753530872,
          "Volatility": 0.03535436185415019,
          "Skewness": -0.6332452551921198,
          "Kurtosis": -0.5105088021901265,
          "AutoCorrelation": 0.8502583664760825
        },
        "Inflation": {
          "Mean": 0.027218380672156598,
          "Volatility": 0.014062192810891034,
          "Skewness": 0.6101683313255889,
          "Kurtosis": -1.0868002794020892,
          "AutoCorrelation": 0.8858290279633115
        }
      }
    },
    {
      "RegimeId": 2,
      "RegimeLabel": "Regime2",
      "Profile": {
        "StocksBondCorrelation": -0.16478680490525116,
        "StocksInflationCorrelation": -0.3024256492179194,
        "BondsInflationCorrelation": -0.10164155007791781,
        "Stocks": {
          "Mean": 0.12784120060376195,
          "Volatility": 0.06534842716773048,
          "Skewness": 0.5672601563172157,
          "Kurtosis": -0.20628148906466537,
          "AutoCorrelation": 0.6675058004435647
        },
        "Bonds": {
          "Mean": 0.029068703897906327,
          "Volatility": 0.018312442873074458,
          "Skewness": 0.3623580159219197,
          "Kurtosis": -0.17230605360492213,
          "AutoCorrelation": 0.716585648765857
        },
        "Inflation": {
          "Mean": 0.03644519497754817,
          "Volatility": 0.02792510588755669,
          "Skewness": 0.8822081908092106,
          "Kurtosis": 0.43098356017079453,
          "AutoCorrelation": 0.8675750378415724
        }
      }
    },
    {
      "RegimeId": 3,
      "RegimeLabel": "Regime3",
      "Profile": {
        "StocksBondCorrelation": 0.10355652313213097,
        "StocksInflationCorrelation": -0.26734103116726976,
        "BondsInflationCorrelation": -0.020149659332066597,
        "Stocks": {
          "Mean": 0.165749386555397,
          "Volatility": 0.0476253453439745,
          "Skewness": 1.2440384560222015,
          "Kurtosis": 1.9481276852820733,
          "AutoCorrelation": 0.7494510603294993
        },
        "Bonds": {
          "Mean": 0.10793747624042636,
          "Volatility": 0.03461655220725119,
          "Skewness": 0.9074910369343586,
          "Kurtosis": 0.6082550848080688,
          "AutoCorrelation": 0.6363763581989287
        },
        "Inflation": {
          "Mean": 0.03951279023467501,
          "Volatility": 0.01762321266753541,
          "Skewness": 1.7825489054592634,
          "Kurtosis": 3.0390452375358334,
          "AutoCorrelation": 0.8826379409810151
        }
      }
    }
  ],
  "Transitions": {
    "Matrix": [
      [
        0.8412698412698413,
        0.015873015873015872,
        0.14285714285714285,
        0
      ],
      [
        0,
        0.76,
        0.08,
        0.16
      ],
      [
        0.058394160583941604,
        0.014598540145985401,
        0.8978102189781022,
        0.029197080291970802
      ],
      [
        0.017857142857142856,
        0.07142857142857142,
        0.05357142857142857,
        0.8571428571428571
      ]
    ]
  }
}